                  epoch,         train/box_loss,         train/cls_loss,         train/dfl_loss,   metrics/precision(B),      metrics/recall(B),       metrics/mAP50(B),    metrics/mAP50-95(B),           val/box_loss,           val/cls_loss,           val/dfl_loss,                 lr/pg0,                 lr/pg1,                 lr/pg2
                      1,                 4.2621,                 6.3175,                 1.7858,                      0,                      0,                      0,                      0,                 4.9566,                 5.2626,                 2.4078,               0.070429,              0.0032857,              0.0032857
                      2,                 3.8055,                 4.7785,                 1.5415,                      0,                      0,                      0,                      0,                    nan,                    nan,                    nan,               0.040407,              0.0065972,              0.0065972
                      3,                 3.7168,                 4.4623,                 1.4914,                0.00018,                0.00179,                  9e-05,                  3e-05,                 4.0973,                 4.6262,                 3.5257,               0.010363,              0.0098867,              0.0098867
                      4,                 3.6437,                 4.0855,                 1.4571,                0.83898,                0.01971,                 0.0064,                0.00167,                 4.4632,                 5.4154,                 1.5877,               0.009901,               0.009901,               0.009901
                      5,                 3.5009,                 3.7961,                 1.4217,                0.61383,                0.04802,                0.04112,                0.01312,                 4.2457,                 3.7178,                 1.6536,               0.009868,               0.009868,               0.009868
                      6,                 3.3605,                 3.5759,                 1.3567,                0.74022,                0.10793,                0.13859,                0.04406,                 3.5153,                 3.1886,                 1.3733,               0.009835,               0.009835,               0.009835
                      7,                 3.4086,                  3.427,                 1.3806,                0.97496,                0.12007,                0.16918,                0.04979,                   3.24,                 3.6081,                 1.2897,               0.009802,               0.009802,               0.009802
                      8,                 3.3225,                 3.2222,                 1.3611,                0.51217,                0.09593,                0.07258,                0.01777,                 3.9709,                 3.5628,                 1.4757,               0.009769,               0.009769,               0.009769
                      9,                 3.2729,                 3.0443,                 1.3181,                0.32656,                0.19021,                0.18621,                0.06457,                 3.1622,                 2.9338,                 1.2976,               0.009736,               0.009736,               0.009736
                     10,                 3.2622,                 3.1078,                  1.313,                0.25473,                0.24164,                0.22576,                0.07849,                  3.134,                 2.7048,                 1.2754,               0.009703,               0.009703,               0.009703
                     11,                 3.1125,                 2.9246,                 1.2872,                0.42061,                0.24946,                0.24544,                 0.0914,                 3.0359,                 2.6795,                 1.2588,                0.00967,                0.00967,                0.00967
                     12,                 3.0829,                 2.8239,                 1.2829,                0.40091,                0.26505,                0.22084,                0.08294,                 3.1944,                 2.6124,                 1.2699,               0.009637,               0.009637,               0.009637
                     13,                 3.0604,                 2.8151,                 1.2666,                0.31591,                0.26516,                0.24819,                0.08777,                 3.0261,                 2.8369,                 1.2463,               0.009604,               0.009604,               0.009604
                     14,                 3.0364,                 2.6832,                 1.2681,                0.37257,                0.24922,                0.23907,                0.07749,                  3.062,                 2.7854,                 1.3014,               0.009571,               0.009571,               0.009571
                     15,                 3.0528,                 2.6622,                 1.2783,                0.43278,                0.31306,                0.27674,                0.08388,                 2.9826,                 2.5708,                 1.2448,               0.009538,               0.009538,               0.009538
                     16,                 2.9961,                 2.5931,                 1.2626,                0.41227,                0.31366,                0.27488,                0.10401,                 2.8127,                 2.5399,                 1.1903,               0.009505,               0.009505,               0.009505
                     17,                 2.8642,                 2.4929,                 1.2025,                0.54003,                0.36306,                0.32265,                0.11784,                 2.7663,                 2.3236,                 1.1728,               0.009472,               0.009472,               0.009472
                     18,                 2.7956,                 2.3812,                 1.2028,                0.50855,                0.37397,                0.33991,                0.13825,                 2.7049,                 2.1942,                 1.1611,               0.009439,               0.009439,               0.009439
                     19,                 2.7541,                 2.3112,                 1.2061,                   0.39,                0.39356,                0.35895,                0.14303,                 2.6397,                 2.2199,                 1.1447,               0.009406,               0.009406,               0.009406
                     20,                 2.6892,                  2.227,                 1.1748,                0.36839,                0.39048,                0.33636,                0.12287,                 2.6702,                  2.671,                 1.1494,               0.009373,               0.009373,               0.009373
                     21,                 2.6658,                 2.1938,                 1.1671,                0.55205,                0.41873,                0.41353,                0.15636,                 2.6391,                 2.0854,                 1.1404,                0.00934,                0.00934,                0.00934
                     22,                  2.679,                 2.1644,                 1.1573,                0.53966,                0.47004,                0.44584,                0.16742,                 2.5331,                 1.9769,                 1.1164,               0.009307,               0.009307,               0.009307
                     23,                 2.5809,                 2.0331,                 1.1347,                 0.5011,                0.44703,                0.44022,                0.18312,                 2.4885,                 1.8763,                  1.113,               0.009274,               0.009274,               0.009274
                     24,                 2.5598,                 1.9823,                 1.1217,                0.48723,                0.46974,                0.44598,                0.17965,                 2.4552,                 1.9732,                  1.099,               0.009241,               0.009241,               0.009241
                     25,                 2.5103,                 1.9008,                  1.113,                 0.6006,                0.48062,                0.48098,                0.19499,                  2.419,                  1.916,                 1.0965,               0.009208,               0.009208,               0.009208
                     26,                 2.4822,                 1.8709,                 1.1132,                0.56202,                0.53751,                0.49943,                0.20545,                 2.3662,                 1.7658,                 1.0848,               0.009175,               0.009175,               0.009175
                     27,                 2.4528,                 1.8193,                 1.1181,                 0.6262,                0.49564,                0.50299,                0.21276,                 2.3694,                 1.8487,                 1.0864,               0.009142,               0.009142,               0.009142
                     28,                 2.3881,                 1.7773,                 1.0876,                0.43997,                0.52509,                0.45675,                0.18799,                 2.3971,                 3.2482,                 1.0872,               0.009109,               0.009109,               0.009109
                     29,                  2.405,                 1.8245,                 1.0826,                0.69374,                0.51872,                0.56432,                0.24412,                 2.3611,                 1.7037,                  1.071,               0.009076,               0.009076,               0.009076
                     30,                 2.3614,                 1.7721,                 1.0758,                0.76072,                0.39848,                0.53026,                0.22537,                 2.3277,                 1.8081,                 1.0668,               0.009043,               0.009043,               0.009043
                     31,                 2.3684,                 1.7215,                   1.08,                0.66041,                0.48686,                0.55745,                0.22667,                  2.303,                 1.8011,                 1.0622,                0.00901,                0.00901,                0.00901
                     32,                 2.2904,                 1.6388,                 1.0796,                0.64809,                0.54288,                0.56288,                0.26297,                 2.2232,                 1.5641,                 1.0472,               0.008977,               0.008977,               0.008977
                     33,                 2.2428,                  1.541,                 1.0586,                0.68966,                0.58309,                0.61666,                0.28379,                 2.0917,                 1.5033,                 1.0248,               0.008944,               0.008944,               0.008944
                     34,                 2.1929,                 1.5224,                 1.0481,                0.72723,                0.59616,                 0.6502,                0.30823,                 2.1074,                 1.4373,                 1.0326,               0.008911,               0.008911,               0.008911
                     35,                  2.189,                 1.5547,                 1.0273,                 0.6769,                0.57012,                0.60308,                0.27781,                 2.1376,                 1.6621,                 1.0238,               0.008878,               0.008878,               0.008878
                     36,                 2.1474,                 1.4823,                  1.034,                0.76908,                0.60417,                0.65713,                0.30797,                 2.1016,                 1.4482,                 1.0201,               0.008845,               0.008845,               0.008845
                     37,                 2.1978,                 1.4628,                 1.0297,                  0.738,                0.63327,                0.66353,                0.28973,                 2.1163,                 1.3851,                 1.0164,               0.008812,               0.008812,               0.008812
                     38,                 2.1637,                 1.4416,                 1.0399,                0.82297,                0.60485,                0.68522,                0.31232,                 2.0642,                 1.4049,                 1.0046,               0.008779,               0.008779,               0.008779
                     39,                 2.1382,                 1.3799,                 1.0305,                0.73141,                0.65013,                0.70995,                0.32158,                 2.0573,                 1.3345,                 1.0035,               0.008746,               0.008746,               0.008746
                     40,                 2.0685,                 1.3466,                 1.0236,                0.76997,                0.61415,                0.65799,                0.26804,                 2.2132,                 1.4034,                 1.0506,               0.008713,               0.008713,               0.008713
                     41,                 2.1056,                 1.3783,                 1.0287,                0.82944,                0.67161,                0.73161,                0.33405,                 1.9981,                 1.2648,                 1.0006,                0.00868,                0.00868,                0.00868
                     42,                 2.0514,                 1.3025,                 1.0094,                0.81867,                0.67796,                0.72035,                0.30753,                 2.1185,                 1.2861,                 1.0091,               0.008647,               0.008647,               0.008647
                     43,                 2.0405,                 1.3322,                 1.0155,                0.83526,                0.69229,                0.75819,                0.35299,                 1.9864,                 1.2645,                0.99647,               0.008614,               0.008614,               0.008614
                     44,                 2.0329,                  1.305,                 1.0069,                0.82308,                 0.6268,                0.69707,                0.31356,                 2.0558,                 1.3633,                 1.0164,               0.008581,               0.008581,               0.008581
                     45,                 2.0091,                 1.2321,                 1.0122,                0.80131,                0.66511,                 0.7072,                0.32261,                 2.0516,                 1.2706,                 1.0119,               0.008548,               0.008548,               0.008548
                     46,                 2.0353,                 1.2794,                 1.0055,                0.83008,                0.66777,                 0.7319,                0.34734,                 1.9251,                 1.2348,                0.98285,               0.008515,               0.008515,               0.008515
                     47,                 1.9827,                 1.2521,                0.99245,                0.83958,                0.66324,                0.75516,                0.36531,                 1.9275,                 1.2959,                0.98371,               0.008482,               0.008482,               0.008482
                     48,                 1.9499,                 1.2148,                 1.0133,                0.83999,                0.67064,                0.72477,                0.32574,                  2.024,                 1.2539,                 1.0092,               0.008449,               0.008449,               0.008449
                     49,                 1.9673,                 1.2032,                 0.9958,                0.86016,                0.69174,                0.74526,                0.34355,                  1.969,                 1.2275,                0.99155,               0.008416,               0.008416,               0.008416
                     50,                 1.9916,                 1.2174,                 1.0042,                0.88608,                0.69221,                0.78728,                0.37418,                 1.9363,                 1.1884,                0.98588,               0.008383,               0.008383,               0.008383
                     51,                 1.9668,                 1.2134,                0.99795,                0.79624,                0.72133,                0.76768,                0.35473,                 1.9319,                 1.1994,                0.98212,                0.00835,                0.00835,                0.00835
                     52,                 1.9586,                 1.1916,                  0.997,                 0.8603,                0.71227,                0.77758,                0.36929,                 1.9087,                 1.2156,                0.97608,               0.008317,               0.008317,               0.008317
                     53,                 1.9285,                  1.185,                0.99363,                0.83568,                0.69392,                0.77072,                0.36378,                 1.9427,                 1.2213,                0.97935,               0.008284,               0.008284,               0.008284
                     54,                 1.9248,                 1.1964,                0.98404,                0.87035,                 0.7151,                0.79701,                0.37843,                 1.8739,                 1.1411,                0.97259,               0.008251,               0.008251,               0.008251
                     55,                 1.9206,                 1.1206,                0.98803,                0.91127,                0.74669,                0.81902,                0.39405,                 1.8899,                 1.0649,                0.97513,               0.008218,               0.008218,               0.008218
                     56,                 1.9253,                 1.1187,                0.99871,                0.86526,                0.73744,                0.81093,                0.38058,                 1.9028,                 1.1342,                0.97131,               0.008185,               0.008185,               0.008185
                     57,                 1.9002,                 1.0889,                0.99748,                0.90775,                0.74584,                0.81734,                0.38587,                 1.9071,                  1.105,                0.98211,               0.008152,               0.008152,               0.008152
                     58,                 1.8905,                 1.0874,                 1.0034,                0.91703,                0.73724,                0.81328,                0.37867,                 1.9624,                 1.1205,                0.98906,               0.008119,               0.008119,               0.008119
                     59,                 1.9076,                 1.0694,                 1.0036,                0.91205,                0.70777,                0.81955,                0.39288,                 1.8597,                 1.1325,                0.97478,               0.008086,               0.008086,               0.008086
                     60,                  1.885,                 1.1079,                0.97497,                0.87525,                0.72969,                0.80303,                0.37047,                 1.8962,                 1.1474,                0.97742,               0.008053,               0.008053,               0.008053
                     61,                 1.8757,                 1.0755,                0.98282,                0.89442,                0.74918,                0.83861,                0.41297,                 1.8527,                 1.0696,                0.96816,                0.00802,                0.00802,                0.00802
                     62,                 1.8187,                 1.0526,                 0.9765,                0.87915,                0.76599,                0.82537,                0.40882,                 1.8319,                 1.0751,                0.96061,               0.007987,               0.007987,               0.007987
                     63,                 1.8784,                  1.112,                0.98117,                0.87194,                0.77021,                0.82525,                0.39341,                 1.8679,                  1.113,                0.96316,               0.007954,               0.007954,               0.007954
                     64,                 1.8927,                  1.091,                0.98186,                0.89744,                0.72042,                0.79069,                0.37449,                 1.9087,                 1.1208,                0.97334,               0.007921,               0.007921,               0.007921
                     65,                 1.8452,                 1.0613,                0.97158,                0.90771,                0.74608,                0.83023,                0.39644,                  1.876,                 1.0672,                0.96821,               0.007888,               0.007888,               0.007888
                     66,                  1.841,                 1.0501,                0.97388,                0.91718,                0.74899,                0.83559,                0.40746,                 1.8476,                 1.1113,                0.96505,               0.007855,               0.007855,               0.007855
                     67,                 1.8276,                 1.0288,                0.96977,                0.91904,                0.76765,                0.85034,                0.40468,                 1.8471,                 1.0572,                 0.9631,               0.007822,               0.007822,               0.007822
                     68,                 1.8275,                 1.0175,                0.98188,                0.91456,                0.75496,                0.83187,                0.41616,                 1.8188,                 1.0468,                0.96062,               0.007789,               0.007789,               0.007789
                     69,                 1.8029,                 1.0233,                0.97334,                0.90447,                0.79519,                0.84744,                 0.4299,                 1.7753,                 1.0002,                0.95298,               0.007756,               0.007756,               0.007756
                     70,                 1.8004,                 1.0104,                0.96101,                0.84183,                0.70501,                0.81649,                0.38395,                 1.8548,                 1.1498,                0.96257,               0.007723,               0.007723,               0.007723
                     71,                 1.8097,                 1.0167,                0.96005,                0.90768,                0.78321,                0.84016,                0.42781,                 1.7981,                 1.0787,                0.95429,                0.00769,                0.00769,                0.00769
                     72,                  1.799,                 0.9905,                0.96673,                0.92707,                0.75715,                0.83946,                0.42308,                 1.7675,                 1.0314,                0.94609,               0.007657,               0.007657,               0.007657
                     73,                 1.8047,                 1.0008,                0.96365,                0.89674,                0.77425,                0.84449,                0.41623,                 1.8186,                 1.1095,                0.95478,               0.007624,               0.007624,               0.007624
                     74,                 1.8146,                 1.0225,                 0.9685,                 0.9053,                0.77741,                0.85782,                 0.4193,                 1.8482,                 1.0493,                0.97221,               0.007591,               0.007591,               0.007591
                     75,                 1.7987,                 1.0098,                0.97174,                0.91015,                0.76391,                0.84631,                0.40468,                 1.8577,                 1.0825,                0.96421,               0.007558,               0.007558,               0.007558
                     76,                 1.7979,                 1.0092,                0.96406,                0.89792,                0.79673,                0.85606,                0.42118,                 1.7985,                 1.0761,                0.94529,               0.007525,               0.007525,               0.007525
                     77,                 1.7587,                0.97336,                0.96852,                0.87064,                0.80761,                0.86004,                0.42406,                 1.8312,                 1.0555,                0.95839,               0.007492,               0.007492,               0.007492
                     78,                  1.828,                 1.0065,                0.96533,                0.90643,                0.78918,                0.84356,                0.42122,                 1.8215,                 1.0693,                 0.9567,               0.007459,               0.007459,               0.007459
                     79,                 1.7724,                0.99035,                0.96257,                0.93091,                0.78489,                0.86688,                0.43776,                 1.7785,                 1.0266,                0.94916,               0.007426,               0.007426,               0.007426
                     80,                 1.7317,                0.95116,                0.96855,                0.91856,                0.79764,                0.85633,                0.43239,                 1.8094,                  1.015,                 0.9544,               0.007393,               0.007393,               0.007393
                     81,                 1.7426,                0.94868,                0.95196,                0.89403,                0.81092,                0.86765,                0.43257,                 1.8039,                  0.993,                0.95074,                0.00736,                0.00736,                0.00736
                     82,                 1.7435,                 0.9499,                0.96025,                 0.9321,                0.80231,                0.87421,                0.44004,                 1.7715,                0.98323,                0.94914,               0.007327,               0.007327,               0.007327
                     83,                 1.7289,                0.90927,                0.96001,                0.86819,                 0.8253,                0.86272,                0.43418,                 1.7845,                 1.0083,                0.94549,               0.007294,               0.007294,               0.007294
                     84,                 1.7388,                0.94388,                0.94674,                0.90725,                0.82416,                0.86417,                0.43929,                 1.7886,                0.99362,                0.94918,               0.007261,               0.007261,               0.007261
                     85,                 1.7158,                0.92048,                0.95321,                0.90524,                 0.8251,                0.87571,                0.43203,                 1.8043,                0.98001,                0.95387,               0.007228,               0.007228,               0.007228
                     86,                  1.729,                0.92146,                0.94632,                0.89575,                0.81794,                0.85944,                0.42468,                 1.8081,                0.98697,                0.95147,               0.007195,               0.007195,               0.007195
                     87,                 1.7424,                0.94961,                0.95331,                0.92039,                0.80997,                0.86933,                0.45224,                 1.7483,                0.98968,                0.94074,               0.007162,               0.007162,               0.007162
                     88,                 1.7144,                0.90299,                0.94513,                0.92895,                0.82795,                0.88381,                0.44332,                 1.7267,                0.95693,                0.94011,               0.007129,               0.007129,               0.007129
                     89,                 1.6977,                0.87925,                0.93835,                0.91606,                0.82415,                0.87208,                0.45445,                  1.784,                 0.9552,                 0.9469,               0.007096,               0.007096,               0.007096
                     90,                 1.7217,                0.90362,                  0.952,                0.95539,                0.80884,                0.88104,                0.45119,                 1.7717,                0.99154,                 0.9487,               0.007063,               0.007063,               0.007063
                     91,                  1.659,                0.86631,                0.94332,                 0.9148,                0.83423,                0.87465,                0.44579,                 1.7393,                0.94926,                0.94057,                0.00703,                0.00703,                0.00703
                     92,                 1.7139,                0.89898,                0.94177,                0.90459,                0.82484,                0.87003,                0.42805,                 1.8159,                0.97307,                0.95217,               0.006997,               0.006997,               0.006997
                     93,                 1.7421,                0.90785,                0.95531,                0.93061,                 0.8118,                0.87758,                0.43641,                 1.7654,                0.98349,                0.94606,               0.006964,               0.006964,               0.006964
                     94,                 1.6604,                0.89692,                0.94018,                 0.9318,                0.81224,                0.86964,                0.44678,                  1.748,                0.94679,                0.94273,               0.006931,               0.006931,               0.006931
                     95,                  1.705,                0.89289,                0.94046,                0.90895,                0.84328,                0.88086,                0.45004,                 1.7528,                0.96267,                0.94099,               0.006898,               0.006898,               0.006898
                     96,                 1.6898,                0.87903,                0.95002,                0.90851,                0.84008,                0.88838,                0.46595,                 1.7387,                0.94658,                0.93784,               0.006865,               0.006865,               0.006865
                     97,                 1.6564,                0.86214,                0.95062,                0.92966,                0.83062,                0.88336,                0.45848,                 1.7585,                0.96232,                0.94388,               0.006832,               0.006832,               0.006832
                     98,                 1.6439,                0.86542,                 0.9327,                0.94445,                   0.83,                0.89061,                0.45509,                 1.7516,                 0.9381,                0.94075,               0.006799,               0.006799,               0.006799
                     99,                 1.6726,                0.86582,                0.94176,                0.91737,                0.82932,                0.87297,                0.45597,                 1.7516,                0.96866,                0.94257,               0.006766,               0.006766,               0.006766
                    100,                 1.6654,                0.88502,                 0.9528,                0.91492,                0.84599,                0.87571,                0.45336,                 1.7496,                0.93564,                0.93822,               0.006733,               0.006733,               0.006733
                    101,                 1.6659,                0.86188,                0.93381,                0.94988,                0.82764,                0.88634,                0.44889,                 1.7829,                0.93344,                0.94659,                 0.0067,                 0.0067,                 0.0067
                    102,                 1.6412,                0.84486,                0.93268,                0.93033,                0.80685,                 0.8736,                0.45524,                 1.7334,                 0.9933,                0.93678,               0.006667,               0.006667,               0.006667
                    103,                 1.6366,                0.84551,                0.93671,                   0.91,                0.83415,                0.87609,                 0.4449,                 1.7724,                0.96539,                0.95043,               0.006634,               0.006634,               0.006634
                    104,                 1.6608,                0.85994,                0.93898,                 0.9326,                0.80766,                0.87083,                0.44029,                 1.7697,                0.94381,                0.94486,               0.006601,               0.006601,               0.006601
                    105,                 1.6405,                0.84595,                0.93029,                0.96463,                0.80935,                 0.8843,                0.45216,                 1.7191,                0.92089,                0.93387,               0.006568,               0.006568,               0.006568
                    106,                 1.6974,                0.88454,                0.94103,                0.90862,                0.83072,                0.87851,                0.42791,                 1.8178,                0.96953,                0.95403,               0.006535,               0.006535,               0.006535
                    107,                 1.6553,                0.84113,                0.94998,                0.94689,                0.82367,                0.88805,                0.45713,                 1.7506,                0.92409,                0.94007,               0.006502,               0.006502,               0.006502
                    108,                 1.6087,                0.81776,                0.92826,                0.91222,                0.81895,                0.88718,                0.47062,                  1.726,                0.95612,                0.93623,               0.006469,               0.006469,               0.006469
                    109,                 1.6474,                0.85198,                0.94836,                0.91887,                0.83555,                0.88109,                0.45109,                 1.7394,                0.93494,                0.93846,               0.006436,               0.006436,               0.006436
                    110,                 1.6238,                0.83768,                0.92199,                0.92423,                0.83882,                0.88685,                0.44677,                 1.7812,                0.92293,                0.94326,               0.006403,               0.006403,               0.006403
                    111,                 1.6514,                0.83853,                0.93752,                0.95035,                 0.8258,                0.89104,                0.46965,                 1.7421,                0.93593,                0.93647,                0.00637,                0.00637,                0.00637
                    112,                 1.6092,                0.84356,                0.93216,                0.96335,                0.81164,                0.88004,                0.43887,                 1.7705,                 0.9531,                0.94635,               0.006337,               0.006337,               0.006337
                    113,                 1.6331,                0.82634,                0.93586,                0.95019,                0.81456,                0.88106,                0.46451,                 1.7261,                0.95948,                0.93692,               0.006304,               0.006304,               0.006304
                    114,                 1.5882,                0.81166,                0.91939,                0.92303,                0.87218,                 0.8919,                0.45923,                 1.7197,                0.90577,                0.93662,               0.006271,               0.006271,               0.006271
                    115,                 1.5925,                0.81537,                0.92471,                0.93025,                0.84674,                0.89533,                0.46633,                 1.7104,                0.92241,                0.93006,               0.006238,               0.006238,               0.006238
                    116,                 1.5959,                0.81825,                0.92272,                0.92952,                0.84695,                0.88702,                  0.459,                 1.7244,                0.93797,                 0.9262,               0.006205,               0.006205,               0.006205
                    117,                 1.6524,                0.84648,                0.92978,                0.92124,                0.85991,                0.88736,                  0.464,                 1.7718,                0.92086,                0.93929,               0.006172,               0.006172,               0.006172
                    118,                 1.6068,                0.81253,                0.93069,                0.93468,                0.85038,                0.90316,                0.46173,                  1.715,                0.91737,                0.92847,               0.006139,               0.006139,               0.006139
                    119,                 1.6189,                0.83946,                 0.9359,                0.92831,                0.84782,                0.88951,                0.45589,                  1.734,                0.91514,                0.93298,               0.006106,               0.006106,               0.006106
                    120,                 1.6124,                 0.8054,                0.92523,                0.94351,                0.82243,                0.88866,                0.46233,                 1.6984,                0.91697,                0.92695,               0.006073,               0.006073,               0.006073
                    121,                 1.6038,                0.83574,                 0.9243,                0.94875,                0.85376,                0.89493,                0.45952,                 1.7467,                0.91698,                0.93697,                0.00604,                0.00604,                0.00604
                    122,                 1.5703,                0.80213,                0.92198,                 0.9217,                0.86025,                0.89452,                0.45515,                 1.7304,                0.91269,                0.93348,               0.006007,               0.006007,               0.006007
                    123,                 1.6149,                0.80941,                0.93874,                0.91557,                0.84466,                0.88526,                0.46694,                 1.7215,                0.94657,                0.93629,               0.005974,               0.005974,               0.005974
                    124,                 1.6136,                0.81783,                 0.9309,                0.91654,                0.82034,                0.86964,                0.43347,                 1.7612,                0.95588,                0.94055,               0.005941,               0.005941,               0.005941
                    125,                 1.5838,                0.81646,                0.92503,                0.92226,                0.85047,                0.89661,                0.46416,                 1.7206,                0.91007,                0.93046,               0.005908,               0.005908,               0.005908
                    126,                 1.5794,                0.81095,                0.92633,                0.95882,                0.84852,                0.88672,                0.46252,                 1.7102,                0.90767,                0.93157,               0.005875,               0.005875,               0.005875
                    127,                 1.5611,                0.79895,                0.92243,                0.92279,                0.85612,                0.89364,                0.46461,                 1.6995,                0.88818,                0.93262,               0.005842,               0.005842,               0.005842
                    128,                 1.5916,                0.80005,                0.91494,                0.94261,                0.85171,                0.89887,                0.48043,                 1.7142,                0.89403,                0.93338,               0.005809,               0.005809,               0.005809
                    129,                 1.5724,                0.79131,                0.92733,                0.95362,                0.85045,                0.90655,                0.47134,                 1.7094,                0.87611,                0.93384,               0.005776,               0.005776,               0.005776
                    130,                 1.5836,                0.78689,                0.92663,                0.93279,                0.86532,                0.89797,                0.44908,                 1.7412,                0.89624,                0.93721,               0.005743,               0.005743,               0.005743
                    131,                 1.5677,                0.77696,                0.92812,                 0.9358,                0.83986,                0.88905,                0.46048,                 1.7233,                0.88834,                0.93792,                0.00571,                0.00571,                0.00571
                    132,                 1.5303,                0.76483,                0.92048,                0.94719,                0.85009,                0.89881,                0.47545,                 1.7206,                0.88228,                0.93241,               0.005677,               0.005677,               0.005677
                    133,                 1.5413,                0.77666,                0.92202,                0.93703,                0.86786,                0.90195,                0.46636,                 1.7262,                0.87511,                0.93492,               0.005644,               0.005644,               0.005644
                    134,                 1.5572,                0.76961,                0.92224,                0.93074,                0.86916,                0.90403,                0.46767,                 1.7265,                0.87831,                0.93701,               0.005611,               0.005611,               0.005611
                    135,                 1.5774,                0.80775,                0.91797,                0.91917,                  0.867,                0.90457,                0.47663,                 1.7024,                0.85879,                0.92977,               0.005578,               0.005578,               0.005578
                    136,                 1.5111,                0.76147,                0.91278,                0.94699,                0.85828,                0.90293,                 0.4676,                 1.7436,                0.87967,                0.93449,               0.005545,               0.005545,               0.005545
                    137,                 1.5626,                0.78156,                0.91836,                0.94529,                0.86989,                0.90749,                0.48227,                 1.6998,                0.86665,                0.92568,               0.005512,               0.005512,               0.005512
                    138,                 1.5278,                0.76257,                0.91401,                0.95007,                0.85631,                0.89788,                0.47524,                 1.7243,                0.88898,                0.93212,               0.005479,               0.005479,               0.005479
                    139,                 1.5492,                0.79534,                0.91242,                0.92703,                0.86146,                0.89321,                0.47365,                 1.7113,                 0.8663,                0.93362,               0.005446,               0.005446,               0.005446
                    140,                 1.5407,                0.76053,                0.92264,                0.95358,                 0.8535,                0.89902,                0.46689,                 1.7387,                0.85956,                 0.9381,               0.005413,               0.005413,               0.005413
                    141,                 1.5295,                0.77917,                0.91888,                0.94482,                0.85476,                0.89241,                0.45847,                 1.7245,                 0.8937,                 0.9334,                0.00538,                0.00538,                0.00538
                    142,                 1.5079,                 0.7555,                 0.9171,                0.91499,                0.88134,                0.90138,                0.46454,                 1.7522,                 0.8602,                 0.9378,               0.005347,               0.005347,               0.005347
                    143,                 1.5475,                0.75149,                0.91393,                0.92291,                0.87137,                0.89686,                0.46782,                 1.7223,                0.88995,                0.93337,               0.005314,               0.005314,               0.005314
                    144,                 1.4933,                0.73836,                  0.912,                0.94488,                0.85746,                0.89867,                 0.4797,                 1.6971,                0.87919,                0.92616,               0.005281,               0.005281,               0.005281
                    145,                 1.4895,                0.74645,                0.91568,                0.95043,                0.85806,                0.90024,                0.47297,                  1.723,                0.87812,                  0.936,               0.005248,               0.005248,               0.005248
                    146,                 1.5363,                0.76412,                0.91612,                0.94409,                0.85047,                0.90063,                0.46955,                 1.7329,                0.86641,                0.93548,               0.005215,               0.005215,               0.005215
                    147,                  1.528,                0.75738,                0.90838,                 0.9294,                0.85437,                0.89431,                0.48074,                 1.6775,                 0.8518,                0.92731,               0.005182,               0.005182,               0.005182
                    148,                 1.5223,                 0.7546,                0.91554,                0.94516,                0.86586,                0.89013,                0.46892,                 1.6841,                0.85213,                0.93037,               0.005149,               0.005149,               0.005149
                    149,                 1.5108,                0.74969,                0.90476,                 0.9216,                0.85569,                0.88566,                0.46619,                 1.7278,                 0.8988,                0.93978,               0.005116,               0.005116,               0.005116
                    150,                 1.5127,                0.74422,                0.91791,                0.94792,                0.85776,                0.89022,                0.46975,                 1.7167,                0.87863,                0.93631,               0.005083,               0.005083,               0.005083
                    151,                 1.5481,                0.76914,                0.91676,                0.94924,                0.85414,                0.89747,                0.47498,                 1.6698,                0.84235,                0.92753,                0.00505,                0.00505,                0.00505
                    152,                 1.5046,                 0.7469,                0.90715,                  0.944,                0.86758,                0.89482,                0.46962,                 1.6543,                0.87255,                0.92448,               0.005017,               0.005017,               0.005017
                    153,                 1.5133,                0.75499,                0.91771,                0.93973,                0.85648,                0.89393,                0.46001,                 1.7141,                0.86395,                0.93522,               0.004984,               0.004984,               0.004984
                    154,                 1.4668,                0.71351,                0.90918,                0.93515,                0.85605,                0.89772,                0.47885,                  1.701,                0.86159,                0.92878,               0.004951,               0.004951,               0.004951
                    155,                 1.4564,                0.70561,                0.91037,                0.94055,                0.86125,                0.89483,                0.47031,                  1.696,                0.84386,                0.93589,               0.004918,               0.004918,               0.004918
                    156,                 1.5061,                0.73492,                0.91033,                0.96012,                0.84715,                0.89853,                0.47577,                 1.6962,                0.85744,                0.93042,               0.004885,               0.004885,               0.004885
                    157,                 1.4767,                0.73392,                0.90194,                0.91931,                0.86774,                0.89531,                0.48068,                 1.7007,                0.85649,                0.92801,               0.004852,               0.004852,               0.004852
                    158,                 1.5023,                0.74805,                0.89957,                0.94336,                0.85528,                0.89458,                0.47198,                 1.7079,                0.86762,                0.92881,               0.004819,               0.004819,               0.004819
                    159,                 1.4541,                  0.719,                0.89461,                0.94229,                0.87238,                0.90235,                0.48809,                 1.7095,                0.83668,                0.93009,               0.004786,               0.004786,               0.004786
                    160,                  1.527,                0.73003,                0.91167,                0.95561,                0.87044,                0.91029,                0.47565,                 1.7284,                0.83174,                0.93364,               0.004753,               0.004753,               0.004753
                    161,                 1.5242,                 0.7458,                0.90983,                0.94836,                0.86588,                0.90418,                0.48225,                 1.7087,                0.84117,                0.93204,                0.00472,                0.00472,                0.00472
                    162,                 1.4668,                0.72359,                0.89758,                0.94832,                0.86173,                0.90276,                0.49359,                 1.7026,                0.83974,                0.93278,               0.004687,               0.004687,               0.004687
                    163,                 1.4455,                0.70742,                0.90693,                0.91918,                0.86945,                0.90428,                0.48269,                 1.6936,                0.84401,                 0.9312,               0.004654,               0.004654,               0.004654
                    164,                 1.4591,                0.70682,                0.90471,                0.95752,                0.86062,                0.90469,                0.48001,                 1.7132,                 0.8707,                0.92718,               0.004621,               0.004621,               0.004621
                    165,                 1.4785,                0.71534,                 0.9077,                0.93283,                0.85522,                0.89734,                0.47183,                 1.7109,                0.88833,                0.92721,               0.004588,               0.004588,               0.004588
                    166,                 1.4716,                0.72028,                0.90334,                0.95421,                 0.8648,                0.90967,                0.47487,                 1.7148,                0.85918,                0.92946,               0.004555,               0.004555,               0.004555
                    167,                 1.4847,                0.72583,                0.89295,                0.93701,                0.85649,                0.89552,                   0.47,                 1.7022,                0.87831,                0.92797,               0.004522,               0.004522,               0.004522
                    168,                 1.5037,                 0.7197,                0.90816,                 0.9581,                 0.8492,                0.89845,                0.48053,                 1.6789,                0.85704,                0.92492,               0.004489,               0.004489,               0.004489
                    169,                 1.4591,                0.71617,                0.90247,                0.93156,                0.85857,                0.89594,                 0.4756,                 1.6828,                0.88413,                 0.9228,               0.004456,               0.004456,               0.004456
                    170,                 1.4614,                0.71171,                0.90892,                0.94049,                0.86244,                0.89987,                 0.4757,                 1.7061,                 0.8821,                0.92654,               0.004423,               0.004423,               0.004423
                    171,                 1.4843,                 0.7218,                0.91051,                0.94027,                0.86247,                0.90728,                0.47904,                  1.697,                 0.8438,                0.92703,                0.00439,                0.00439,                0.00439
                    172,                 1.4422,                0.69899,                0.90056,                0.94445,                0.86336,                0.90186,                0.47947,                 1.6962,                 0.8486,                0.92736,               0.004357,               0.004357,               0.004357
                    173,                  1.447,                0.70016,                0.89631,                0.95037,                0.85893,                0.89901,                0.48027,                  1.715,                0.86951,                0.93145,               0.004324,               0.004324,               0.004324
                    174,                 1.4176,                0.68688,                0.89283,                0.93671,                0.87479,                0.90125,                 0.4916,                 1.6886,                0.86961,                0.92956,               0.004291,               0.004291,               0.004291
                    175,                 1.4253,                0.69844,                0.89701,                 0.9201,                0.86775,                0.89387,                0.48418,                 1.6982,                0.82833,                0.93134,               0.004258,               0.004258,               0.004258
                    176,                 1.4285,                0.68919,                0.89658,                0.95754,                0.84788,                0.89171,                0.49057,                 1.6838,                0.87468,                0.92537,               0.004225,               0.004225,               0.004225
                    177,                 1.4563,                0.69826,                0.89139,                0.95404,                0.84659,                 0.9018,                0.48145,                 1.7167,                0.85774,                0.93102,               0.004192,               0.004192,               0.004192
                    178,                  1.426,                0.69614,                 0.8934,                 0.9486,                 0.8556,                0.89986,                0.48204,                 1.6996,                0.88427,                0.92848,               0.004159,               0.004159,               0.004159
                    179,                 1.4595,                 0.7051,                0.89348,                0.95709,                0.84719,                0.90122,                0.49045,                 1.7014,                 0.8803,                 0.9288,               0.004126,               0.004126,               0.004126
                    180,                 1.4209,                0.69467,                0.88795,                0.95038,                0.85216,                0.90158,                0.48661,                 1.7108,                 0.8556,                0.93344,               0.004093,               0.004093,               0.004093
                    181,                 1.4536,                0.70965,                0.89768,                 0.9656,                0.83942,                0.90116,                0.48527,                 1.7131,                0.85284,                0.93369,                0.00406,                0.00406,                0.00406
                    182,                 1.4251,                0.69148,                0.89603,                0.94793,                0.86634,                0.90413,                0.48819,                 1.7203,                0.86408,                0.93249,               0.004027,               0.004027,               0.004027
                    183,                 1.4126,                0.69267,                0.88526,                0.95675,                0.86824,                0.90714,                0.49461,                 1.6825,                0.81907,                0.92393,               0.003994,               0.003994,               0.003994
                    184,                 1.4198,                0.67938,                0.89518,                0.95334,                   0.86,                0.90639,                 0.4826,                 1.6872,                0.83672,                 0.9277,               0.003961,               0.003961,               0.003961
                    185,                 1.4275,                0.68439,                0.89608,                0.94792,                0.86112,                0.90419,                0.48805,                 1.6928,                 0.8441,                0.92969,               0.003928,               0.003928,               0.003928
                    186,                 1.4265,                0.68027,                0.89395,                0.95885,                0.85785,                0.90607,                0.47597,                 1.7207,                 0.8618,                0.93309,               0.003895,               0.003895,               0.003895
                    187,                 1.4123,                0.70656,                0.89861,                0.95567,                0.85143,                0.90104,                0.47795,                 1.6976,                0.86487,                0.92886,               0.003862,               0.003862,               0.003862
                    188,                 1.4227,                 0.7015,                0.89022,                0.93056,                0.87909,                0.91459,                0.48144,                 1.7256,                0.84516,                0.93704,               0.003829,               0.003829,               0.003829
                    189,                 1.3804,                0.66273,                0.88541,                0.93676,                0.86087,                 0.9018,                0.49332,                   1.69,                0.83125,                0.93006,               0.003796,               0.003796,               0.003796
                    190,                 1.3985,                0.66731,                0.88581,                0.96965,                0.84682,                0.90247,                0.48644,                 1.7147,                0.85965,                0.93244,               0.003763,               0.003763,               0.003763
                    191,                 1.4098,                0.68714,                0.89205,                 0.9606,                0.85449,                0.89986,                0.48542,                 1.7129,                0.84295,                0.93751,                0.00373,                0.00373,                0.00373
                    192,                 1.3906,                0.67503,                  0.901,                0.97098,                0.84271,                0.90292,                0.48579,                 1.7135,                0.83715,                0.93181,               0.003697,               0.003697,               0.003697
                    193,                 1.4182,                0.68699,                0.89287,                0.95971,                0.85653,                0.90822,                0.48737,                 1.7233,                0.82927,                0.93324,               0.003664,               0.003664,               0.003664
                    194,                 1.4125,                0.68703,                0.89725,                0.96067,                0.85617,                0.90314,                0.48673,                 1.6862,                0.82779,                0.92709,               0.003631,               0.003631,               0.003631
                    195,                  1.382,                 0.6589,                  0.883,                0.95782,                0.86733,                0.91392,                0.50275,                 1.6684,                0.82786,                0.92473,               0.003598,               0.003598,               0.003598
                    196,                 1.3701,                0.66613,                0.88563,                0.95148,                0.86268,                0.90579,                0.48935,                 1.7062,                0.82976,                0.93327,               0.003565,               0.003565,               0.003565
                    197,                 1.3598,                0.66493,                0.88277,                0.94495,                0.85985,                0.90293,                0.47468,                  1.721,                0.85257,                0.93164,               0.003532,               0.003532,               0.003532
                    198,                 1.3633,                0.65807,                0.88869,                0.96605,                0.85386,                0.90923,                0.49131,                 1.6894,                 0.8353,                0.92824,               0.003499,               0.003499,               0.003499
                    199,                 1.3711,                0.64781,                0.89015,                0.95225,                0.85872,                0.90698,                 0.4794,                 1.7194,                0.84777,                0.92996,               0.003466,               0.003466,               0.003466
                    200,                  1.363,                0.67521,                0.88788,                0.96984,                0.86315,                0.90522,                0.47557,                 1.7024,                0.83761,                0.92974,               0.003433,               0.003433,               0.003433
                    201,                 1.4043,                0.67251,                0.88435,                 0.9523,                0.86113,                0.89657,                 0.4765,                 1.7037,                0.84512,                0.92757,                 0.0034,                 0.0034,                 0.0034
                    202,                 1.3631,                0.65582,                0.88637,                0.95648,                0.85447,                0.90266,                0.48255,                 1.7202,                0.83794,                0.93019,               0.003367,               0.003367,               0.003367
                    203,                 1.3687,                0.65626,                0.88377,                0.94721,                0.85737,                0.90384,                0.49003,                 1.7013,                0.83289,                0.92781,               0.003334,               0.003334,               0.003334
                    204,                 1.3605,                0.65055,                0.88564,                 0.9605,                0.85255,                0.90437,                0.47821,                 1.7265,                0.83099,                0.93002,               0.003301,               0.003301,               0.003301
                    205,                 1.3707,                0.66595,                0.88372,                0.94672,                0.86764,                0.90906,                0.48723,                 1.6855,                0.83282,                0.92507,               0.003268,               0.003268,               0.003268
                    206,                 1.3583,                0.65125,                0.88841,                0.95337,                0.86428,                 0.9068,                0.48965,                 1.6792,                0.82085,                0.92602,               0.003235,               0.003235,               0.003235
                    207,                 1.3546,                0.64753,                 0.8813,                0.94334,                0.86984,                0.90461,                0.48623,                 1.7136,                 0.8422,                0.93239,               0.003202,               0.003202,               0.003202
                    208,                 1.3413,                0.65554,                0.87906,                 0.9381,                0.86715,                0.90287,                0.49679,                 1.6883,                0.84194,                0.92907,               0.003169,               0.003169,               0.003169
                    209,                 1.3477,                0.64599,                0.87976,                0.93798,                0.87859,                0.90248,                0.49975,                 1.6878,                0.83038,                0.92545,               0.003136,               0.003136,               0.003136
                    210,                 1.3679,                0.65568,                0.87889,                0.95322,                0.86544,                0.90372,                0.49197,                 1.6935,                0.85579,                0.93023,               0.003103,               0.003103,               0.003103
                    211,                 1.3616,                0.65134,                0.88496,                0.93822,                0.86295,                0.90314,                0.47649,                 1.7324,                0.84137,                0.93444,                0.00307,                0.00307,                0.00307
                    212,                  1.344,                0.65475,                0.87379,                0.96144,                 0.8611,                0.90769,                0.48585,                 1.6905,                 0.8056,                0.92997,               0.003037,               0.003037,               0.003037
                    213,                 1.3298,                0.63693,                0.88078,                0.95024,                0.86858,                0.90537,                0.48233,                 1.7017,                0.83595,                0.92903,               0.003004,               0.003004,               0.003004
                    214,                 1.3149,                0.63187,                 0.8857,                0.94387,                0.86746,                0.89396,                 0.4855,                 1.7004,                0.86198,                0.92657,               0.002971,               0.002971,               0.002971
                    215,                 1.3564,                0.64437,                  0.881,                0.95235,                0.85672,                0.88888,                  0.486,                 1.6966,                0.84478,                0.92812,               0.002938,               0.002938,               0.002938
                    216,                 1.3254,                0.63619,                0.87663,                0.95296,                0.85678,                0.89937,                 0.4878,                 1.7105,                0.84403,                0.93258,               0.002905,               0.002905,               0.002905
                    217,                 1.3137,                0.62149,                0.87193,                0.93381,                0.85664,                 0.8936,                0.48837,                 1.6974,                0.84288,                0.92702,               0.002872,               0.002872,               0.002872
                    218,                 1.3389,                0.63421,                0.88516,                0.94903,                0.85099,                0.90743,                0.48633,                 1.7209,                0.84234,                0.93122,               0.002839,               0.002839,               0.002839
                    219,                 1.3233,                0.62577,                 0.8761,                0.92125,                0.87127,                0.90516,                0.48508,                 1.7096,                0.83233,                0.93107,               0.002806,               0.002806,               0.002806
                    220,                 1.2839,                0.62358,                0.86977,                0.95077,                0.86916,                 0.9083,                 0.4928,                 1.7036,                0.80802,                0.93121,               0.002773,               0.002773,               0.002773
                    221,                 1.3331,                0.63885,                0.88382,                0.95505,                0.86219,                0.90137,                0.48825,                 1.7176,                0.84256,                0.93343,                0.00274,                0.00274,                0.00274
                    222,                 1.3258,                0.63757,                0.88009,                0.91647,                 0.8885,                0.90339,                0.48536,                 1.7351,                0.85174,                0.93499,               0.002707,               0.002707,               0.002707
                    223,                 1.3272,                0.62842,                0.87801,                 0.9421,                0.87966,                0.91034,                0.48919,                 1.7159,                0.83115,                0.93337,               0.002674,               0.002674,               0.002674
                    224,                 1.3357,                0.64271,                0.87879,                0.96359,                0.86941,                 0.9071,                0.48284,                 1.7341,                0.83979,                0.93689,               0.002641,               0.002641,               0.002641
                    225,                 1.3296,                0.63474,                0.88214,                0.96066,                0.86588,                0.91094,                0.48453,                 1.7125,                0.85078,                0.93123,               0.002608,               0.002608,               0.002608
                    226,                 1.3217,                0.64821,                0.86622,                0.92663,                0.88752,                0.90975,                 0.4857,                 1.7001,                0.83864,                0.92791,               0.002575,               0.002575,               0.002575
                    227,                 1.3086,                 0.6264,                0.87544,                0.96529,                0.85933,                0.91397,                0.48439,                 1.7192,                0.82312,                0.93399,               0.002542,               0.002542,               0.002542
                    228,                 1.3107,                0.62907,                0.87884,                0.93806,                0.87828,                0.91439,                 0.4848,                 1.7224,                0.80844,                0.93393,               0.002509,               0.002509,               0.002509
                    229,                 1.2637,                0.63029,                0.87226,                0.95671,                0.87517,                0.91564,                0.49302,                   1.71,                0.79409,                0.93191,               0.002476,               0.002476,               0.002476
                    230,                 1.2753,                0.61529,                0.87002,                0.96731,                0.87472,                0.91635,                0.49193,                 1.7055,                0.81507,                0.93198,               0.002443,               0.002443,               0.002443
                    231,                 1.2636,                0.60634,                0.87322,                0.94098,                0.87382,                0.90559,                0.48062,                 1.7224,                0.85931,                0.93399,                0.00241,                0.00241,                0.00241
                    232,                 1.3037,                0.62503,                 0.8706,                0.95085,                0.86804,                0.90822,                0.48552,                 1.7063,                0.82319,                0.93206,               0.002377,               0.002377,               0.002377
                    233,                 1.2675,                0.62143,                0.86358,                0.94865,                 0.8687,                0.90635,                0.47964,                 1.7129,                0.84088,                0.93274,               0.002344,               0.002344,               0.002344
                    234,                  1.281,                0.60986,                0.86915,                0.96353,                0.86957,                0.91125,                0.48822,                  1.709,                0.81632,                0.93253,               0.002311,               0.002311,               0.002311
                    235,                 1.2854,                0.60747,                0.87727,                0.94001,                0.86967,                0.90081,                0.48922,                 1.6909,                0.78849,                 0.9308,               0.002278,               0.002278,               0.002278
                    236,                 1.2877,                0.60616,                0.87837,                0.93027,                 0.8767,                0.90587,                0.48909,                 1.7093,                0.82362,                0.93217,               0.002245,               0.002245,               0.002245
                    237,                 1.2824,                0.61404,                0.87465,                0.93559,                0.88554,                0.91237,                0.48925,                 1.7104,                0.81664,                0.92857,               0.002212,               0.002212,               0.002212
                    238,                  1.256,                0.61365,                 0.8693,                0.97527,                0.85738,                0.91921,                0.49417,                 1.7079,                0.79893,                0.92928,               0.002179,               0.002179,               0.002179
                    239,                 1.2699,                0.61793,                0.87137,                0.92707,                0.88476,                0.91111,                0.48928,                 1.7007,                0.80305,                 0.9311,               0.002146,               0.002146,               0.002146
                    240,                 1.2519,                0.59751,                0.87251,                0.92151,                0.87927,                0.90809,                0.48048,                 1.7218,                0.81522,                0.93487,               0.002113,               0.002113,               0.002113
                    241,                 1.2634,                0.60807,                0.86549,                0.94294,                0.86966,                0.91045,                0.49112,                 1.6864,                0.82178,                0.92952,                0.00208,                0.00208,                0.00208
                    242,                 1.2619,                0.60113,                0.86785,                0.93402,                0.88653,                0.91316,                0.49159,                  1.719,                0.81911,                0.93228,               0.002047,               0.002047,               0.002047
                    243,                 1.2505,                0.59479,                0.87255,                0.94867,                0.85965,                0.91131,                0.48766,                 1.7038,                0.80946,                0.93044,               0.002014,               0.002014,               0.002014
                    244,                 1.2451,                 0.5972,                0.87524,                0.93695,                 0.8779,                0.91721,                0.48968,                  1.725,                0.81146,                0.93179,               0.001981,               0.001981,               0.001981
                    245,                 1.2758,                0.61919,                0.86811,                0.95346,                0.87093,                0.91984,                0.49258,                 1.7135,                0.80002,                0.93026,               0.001948,               0.001948,               0.001948
                    246,                 1.2496,                0.59779,                0.86537,                 0.9463,                0.88913,                0.92394,                0.48808,                 1.7244,                0.80032,                0.93282,               0.001915,               0.001915,               0.001915
                    247,                 1.2206,                 0.5837,                0.86779,                0.95468,                0.88865,                0.92964,                0.49262,                 1.7167,                0.80682,                0.92814,               0.001882,               0.001882,               0.001882
                    248,                 1.2245,                0.58386,                0.86084,                0.94006,                0.89035,                0.91925,                0.49588,                 1.6806,                0.80855,                0.92518,               0.001849,               0.001849,               0.001849
                    249,                 1.2597,                0.59906,                0.86697,                 0.9506,                0.87661,                0.91267,                0.48969,                 1.7162,                0.82392,                0.93014,               0.001816,               0.001816,               0.001816
                    250,                 1.2488,                0.60158,                0.87234,                 0.9456,                0.86802,                0.90489,                0.48731,                 1.7331,                0.82728,                0.93201,               0.001783,               0.001783,               0.001783
                    251,                 1.2319,                 0.5969,                0.86609,                0.95389,                0.87748,                0.91578,                0.49124,                 1.7294,                0.80709,                0.93408,                0.00175,                0.00175,                0.00175
                    252,                 1.2335,                0.60729,                0.86007,                0.94947,                 0.8769,                0.92193,                 0.4943,                 1.7136,                0.81371,                0.92937,               0.001717,               0.001717,               0.001717
                    253,                 1.2349,                0.60086,                0.86792,                0.96403,                0.86054,                0.91376,                0.49628,                 1.7063,                0.80016,                0.92875,               0.001684,               0.001684,               0.001684
                    254,                 1.2432,                0.59648,                0.86154,                0.95475,                0.88915,                0.92045,                0.49251,                 1.7245,                0.80453,                0.93203,               0.001651,               0.001651,               0.001651
                    255,                 1.2306,                0.58314,                0.86973,                0.93988,                0.88597,                0.91452,                0.49252,                 1.7365,                 0.8009,                0.93577,               0.001618,               0.001618,               0.001618
                    256,                  1.239,                0.59792,                0.86126,                0.94982,                0.87564,                0.91493,                0.49065,                 1.7066,                0.79279,                 0.9316,               0.001585,               0.001585,               0.001585
                    257,                 1.2111,                0.58809,                0.85527,                0.92686,                0.88639,                0.91614,                0.49339,                 1.7053,                0.80384,                0.92968,               0.001552,               0.001552,               0.001552
                    258,                 1.2422,                0.59002,                0.86454,                0.94506,                0.87806,                0.91068,                0.48409,                 1.7328,                0.80438,                0.93497,               0.001519,               0.001519,               0.001519
                    259,                 1.2362,                0.59074,                0.86689,                0.95781,                0.87225,                0.91906,                0.48921,                 1.7414,                0.80801,                 0.9341,               0.001486,               0.001486,               0.001486
                    260,                 1.2079,                0.57981,                0.85935,                0.95842,                0.86239,                0.91368,                0.49444,                 1.7142,                0.81151,                0.92989,               0.001453,               0.001453,               0.001453
                    261,                 1.2071,                0.58382,                0.85724,                0.94584,                 0.8762,                0.91321,                0.49428,                 1.7206,                 0.8218,                0.92968,                0.00142,                0.00142,                0.00142
                    262,                 1.2153,                0.59515,                0.85847,                0.95676,                0.87403,                0.91402,                0.48734,                 1.7362,                0.81648,                0.93364,               0.001387,               0.001387,               0.001387
                    263,                 1.1958,                0.57735,                0.85716,                0.94188,                 0.8955,                0.92463,                0.49313,                  1.731,                0.79681,                0.93351,               0.001354,               0.001354,               0.001354
                    264,                 1.2018,                0.58546,                0.86264,                0.93195,                0.87851,                0.90868,                 0.4929,                 1.7188,                0.81106,                0.93322,               0.001321,               0.001321,               0.001321
                    265,                 1.2021,                0.58283,                0.86283,                0.94376,                0.87228,                0.91021,                 0.4946,                 1.7196,                0.80124,                0.93334,               0.001288,               0.001288,               0.001288
                    266,                 1.1795,                0.57275,                0.85767,                0.95114,                0.87445,                0.91376,                0.49312,                 1.7351,                0.81002,                0.93529,               0.001255,               0.001255,               0.001255
                    267,                  1.199,                0.57049,                0.85764,                0.94491,                0.87899,                0.91891,                 0.4913,                 1.7549,                0.81633,                0.93971,               0.001222,               0.001222,               0.001222
                    268,                 1.2099,                0.57599,                0.85394,                0.95442,                0.87937,                0.91309,                0.49098,                 1.7421,                0.81068,                0.93878,               0.001189,               0.001189,               0.001189
                    269,                 1.1957,                 0.5807,                0.86688,                0.96132,                0.88361,                0.91515,                0.48704,                 1.7331,                0.81783,                0.93587,               0.001156,               0.001156,               0.001156
                    270,                 1.1699,                0.57286,                0.85325,                0.95571,                0.88392,                0.92164,                0.48829,                 1.7229,                 0.7988,                0.93383,               0.001123,               0.001123,               0.001123
                    271,                 1.1691,                 0.5649,                 0.8532,                0.95407,                0.88228,                0.91824,                0.48629,                 1.7341,                0.81544,                0.93562,                0.00109,                0.00109,                0.00109
                    272,                  1.176,                0.57261,                0.85486,                0.96045,                0.86712,                0.91818,                0.49303,                 1.7199,                0.81275,                0.93377,               0.001057,               0.001057,               0.001057
                    273,                 1.1711,                0.57543,                0.85452,                 0.9518,                  0.877,                0.91394,                0.49413,                 1.7139,                0.80275,                0.93284,               0.001024,               0.001024,               0.001024
                    274,                  1.152,                0.56171,                0.85702,                0.95198,                0.87651,                0.91124,                0.49345,                 1.7154,                0.79695,                 0.9311,               0.000991,               0.000991,               0.000991
                    275,                 1.1631,                0.56369,                0.85234,                 0.9645,                0.87587,                0.91494,                0.48941,                  1.717,                0.78875,                0.93071,               0.000958,               0.000958,               0.000958
                    276,                 1.1703,                0.57075,                0.85611,                0.95354,                0.87441,                0.90902,                0.48452,                 1.7221,                0.79025,                 0.9329,               0.000925,               0.000925,               0.000925
                    277,                 1.1768,                0.57622,                0.84859,                0.94469,                0.88175,                0.91391,                0.48715,                 1.7218,                0.78496,                0.93361,               0.000892,               0.000892,               0.000892
                    278,                 1.1558,                0.56698,                0.86054,                0.95081,                0.87186,                0.91204,                0.48728,                  1.722,                0.78163,                0.93466,               0.000859,               0.000859,               0.000859
                    279,                 1.1576,                0.56813,                0.85207,                0.96123,                0.87767,                0.91771,                0.49258,                 1.7174,                0.77465,                 0.9326,               0.000826,               0.000826,               0.000826
                    280,                 1.1662,                0.56792,                 0.8536,                0.96357,                0.87538,                0.91794,                0.49428,                 1.7202,                0.79025,                0.93265,               0.000793,               0.000793,               0.000793
                    281,                 1.1886,                0.57224,                0.85521,                0.96168,                0.87628,                0.92151,                0.49144,                 1.7277,                0.79865,                0.93324,                0.00076,                0.00076,                0.00076
                    282,                 1.1431,                0.54899,                0.85372,                0.94957,                0.87934,                0.91852,                0.49351,                  1.728,                0.79874,                0.93429,               0.000727,               0.000727,               0.000727
                    283,                 1.1531,                 0.5566,                 0.8512,                0.94587,                0.88368,                0.92104,                0.49271,                 1.7219,                0.80919,                0.93414,               0.000694,               0.000694,               0.000694
                    284,                 1.1441,                0.55547,                0.84629,                0.95073,                0.87568,                0.91653,                 0.4943,                 1.7342,                0.80099,                0.93664,               0.000661,               0.000661,               0.000661
                    285,                 1.1635,                0.56664,                0.85558,                0.95042,                0.87754,                0.91641,                0.49234,                 1.7326,                0.79434,                0.93643,               0.000628,               0.000628,               0.000628
                    286,                 1.1451,                0.55805,                0.85386,                0.93626,                0.88532,                0.91673,                0.49206,                 1.7254,                0.79179,                 0.9362,               0.000595,               0.000595,               0.000595
                    287,                 1.1332,                0.55545,                0.85338,                0.93928,                0.88981,                0.91446,                0.49386,                 1.7219,                0.78943,                0.93525,               0.000562,               0.000562,               0.000562
                    288,                 1.1345,                0.55119,                0.85513,                0.94052,                0.88914,                0.91664,                0.49518,                 1.7272,                0.79388,                0.93601,               0.000529,               0.000529,               0.000529
                    289,                 1.1359,                 0.5556,                 0.8546,                0.94318,                0.88126,                0.91608,                0.49465,                 1.7258,                0.79081,                0.93463,               0.000496,               0.000496,               0.000496
                    290,                 1.1266,                0.55461,                 0.8564,                0.94043,                0.88328,                0.91528,                0.49292,                 1.7214,                0.79463,                0.93321,               0.000463,               0.000463,               0.000463
                    291,                 1.1481,                 0.5604,                0.85081,                0.94486,                0.87553,                0.91457,                0.49378,                 1.7199,                0.79604,                0.93294,                0.00043,                0.00043,                0.00043
                    292,                 1.1366,                0.54166,                0.85307,                0.94509,                 0.8929,                0.92027,                 0.4976,                 1.7248,                0.79751,                0.93422,               0.000397,               0.000397,               0.000397
                    293,                 1.1014,                0.53768,                0.84886,                0.94628,                 0.8904,                0.91903,                0.49548,                 1.7161,                0.79666,                0.93303,               0.000364,               0.000364,               0.000364
                    294,                 1.1446,                0.54761,                0.85273,                0.94866,                0.88635,                0.91954,                0.49825,                 1.7187,                0.79605,                0.93324,               0.000331,               0.000331,               0.000331
                    295,                 1.1235,                0.55038,                0.85235,                0.95145,                0.87708,                0.91932,                0.49745,                  1.718,                0.79718,                0.93343,               0.000298,               0.000298,               0.000298
